{
    "rf": {
        "accuracy": 0.9996137776061234,
        "precision": 0.9418604651162791,
        "recall": 0.826530612244898,
        "f1": 0.8804347826086957,
        "roc_auc": 0.9618765468342655,
        "confusion_matrix": [
            [
                56859,
                5
            ],
            [
                17,
                81
            ]
        ],
        "classification_report": "              precision    recall  f1-score   support\n\n           0       1.00      1.00      1.00     56864\n           1       0.94      0.83      0.88        98\n\n    accuracy                           1.00     56962\n   macro avg       0.97      0.91      0.94     56962\nweighted avg       1.00      1.00      1.00     56962\n"
    },
    "xgb": {
        "accuracy": 0.9995786664794073,
        "precision": 0.9302325581395349,
        "recall": 0.8163265306122449,
        "f1": 0.8695652173913043,
        "roc_auc": 0.9782418559714263,
        "confusion_matrix": [
            [
                56858,
                6
            ],
            [
                18,
                80
            ]
        ],
        "classification_report": "              precision    recall  f1-score   support\n\n           0       1.00      1.00      1.00     56864\n           1       0.93      0.82      0.87        98\n\n    accuracy                           1.00     56962\n   macro avg       0.96      0.91      0.93     56962\nweighted avg       1.00      1.00      1.00     56962\n"
    },
    "cat": {
        "accuracy": 0.9996488887328394,
        "precision": 0.975609756097561,
        "recall": 0.8163265306122449,
        "f1": 0.8888888888888888,
        "roc_auc": 0.9813084279857133,
        "confusion_matrix": [
            [
                56862,
                2
            ],
            [
                18,
                80
            ]
        ],
        "classification_report": "              precision    recall  f1-score   support\n\n           0       1.00      1.00      1.00     56864\n           1       0.98      0.82      0.89        98\n\n    accuracy                           1.00     56962\n   macro avg       0.99      0.91      0.94     56962\nweighted avg       1.00      1.00      1.00     56962\n"
    },
    "lr": {
        "accuracy": 0.9991397773954567,
        "precision": 0.8266666666666667,
        "recall": 0.6326530612244898,
        "f1": 0.7167630057803468,
        "roc_auc": 0.9605494455801453,
        "confusion_matrix": [
            [
                56851,
                13
            ],
            [
                36,
                62
            ]
        ],
        "classification_report": "              precision    recall  f1-score   support\n\n           0       1.00      1.00      1.00     56864\n           1       0.83      0.63      0.72        98\n\n    accuracy                           1.00     56962\n   macro avg       0.91      0.82      0.86     56962\nweighted avg       1.00      1.00      1.00     56962\n"
    },
    "iso": {
        "accuracy": 0.9629753168779186,
        "precision": 0.03812586127698668,
        "recall": 0.8469387755102041,
        "f1": 0.07296703296703297,
        "roc_auc": null,
        "confusion_matrix": [
            [
                54770,
                2094
            ],
            [
                15,
                83
            ]
        ],
        "classification_report": "              precision    recall  f1-score   support\n\n           0       1.00      0.96      0.98     56864\n           1       0.04      0.85      0.07        98\n\n    accuracy                           0.96     56962\n   macro avg       0.52      0.91      0.53     56962\nweighted avg       1.00      0.96      0.98     56962\n"
    }
}